{"cameraMode":{"drawMode":0,"name":"Shaded","section":"Shading Mode"},"sceneLighting":true,"audioPlay":false,"sceneViewState":{"showFog":true,"showMaterialUpdate":false,"showSkybox":true,"showFlares":true,"showImageEffects":true,"showParticleSystems":true},"in2DMode":false,"pivot":{"x":10.681862831115723,"y":2.002681255340576,"z":2.307231903076172},"rotation":{"x":0.029901891946792604,"y":0.9650530219078064,"z":-0.1269632875919342,"w":0.22728601098060609},"size":16.070356369018556,"orthographic":false}